insert into author (id, first_name, middle_name, last_name)
values (1, 'Kenneth', 'S.', 'Rubin');
insert into author (id, first_name, last_name)
values (2, 'Vladimir', 'Khorikov');
insert into author (id, first_name, last_name)
values (3, 'Edward', 'Lavieri');
insert into author (id, first_name, last_name)
values (4, 'Peter', 'Verhas');
insert into author (id, first_name, last_name)
values (5, 'Harlan', 'Coben');
INSERT INTO author (id,first_name,middle_name,last_name) VALUES (6,'Ryan','Oliver','Richmond');
INSERT INTO author (id,first_name,middle_name,last_name) VALUES (7,'Barclay','Wang','Le');
INSERT INTO author (id,first_name,middle_name,last_name) VALUES (8,'Quyn','Brett','Valentine');
INSERT INTO author (id,first_name,middle_name,last_name) VALUES (9,'Amy','Aristotle','Chen');
INSERT INTO author (id,first_name,middle_name,last_name) VALUES (10,'Laurel','Honorato','Benson');
INSERT INTO author (id,first_name,middle_name,last_name) VALUES (11,'Acton','Mohammad','Payne');
INSERT INTO author (id,first_name,middle_name,last_name) VALUES (12,'Serina','Oliver','Moran');
INSERT INTO author (id,first_name,middle_name,last_name) VALUES (13,'Gabriel','Abel','Mcintyre');
INSERT INTO author (id,first_name,middle_name,last_name) VALUES (14,'Lydia','Walter','Blankenship');
INSERT INTO author (id,first_name,middle_name,last_name) VALUES (15,'Marsden','Dustin','Rosario');
INSERT INTO author (id,first_name,middle_name,last_name) VALUES (16,'Pamela','Castor','Mckay');
INSERT INTO author (id,first_name,middle_name,last_name) VALUES (17,'Felix','Calvin','Johnston');
INSERT INTO author (id,first_name,middle_name,last_name) VALUES (18,'Ignacia','Dolan','Bridges');
INSERT INTO author (id,first_name,middle_name,last_name) VALUES (19,'Althea','Lionel','Lara');
INSERT INTO author (id,first_name,middle_name,last_name) VALUES (20,'Seth','Jerome','Crane');
INSERT INTO author (id,first_name,middle_name,last_name) VALUES (21,'Leo','Otto','Castaneda');
INSERT INTO author (id,first_name,middle_name,last_name) VALUES (22,'Morgan','Elvis','Kirk');
INSERT INTO author (id,first_name,middle_name,last_name) VALUES (23,'Jack','Baker','Leach');
INSERT INTO author (id,first_name,middle_name,last_name) VALUES (24,'Odysseus','Kibo','Bryan');
INSERT INTO author (id,first_name,middle_name,last_name) VALUES (25,'Katell','Peter','Baird');
INSERT INTO author (id,first_name,middle_name,last_name) VALUES (26,'Carissa','Dexter','Maddox');
INSERT INTO author (id,first_name,middle_name,last_name) VALUES (27,'Porter','Dorian','Knapp');
INSERT INTO author (id,first_name,middle_name,last_name) VALUES (28,'Galvin','Hammett','Cruz');
INSERT INTO author (id,first_name,middle_name,last_name) VALUES (29,'Ursa','Jermaine','Bates');
INSERT INTO author (id,first_name,middle_name,last_name) VALUES (30,'Lois','Nolan','Jensen');
INSERT INTO author (id,first_name,middle_name,last_name) VALUES (31,'Alisa','Stuart','Madden');
INSERT INTO author (id,first_name,middle_name,last_name) VALUES (32,'Danielle','Beau','Roberts');
INSERT INTO author (id,first_name,middle_name,last_name) VALUES (33,'Rahim','Mark','Oneal');
INSERT INTO author (id,first_name,middle_name,last_name) VALUES (34,'Chase','Merritt','Frye');
INSERT INTO author (id,first_name,middle_name,last_name) VALUES (35,'Shay','Garrison','Dominguez');
INSERT INTO author (id,first_name,middle_name,last_name) VALUES (36,'Lionel','Dorian','Larsen');
INSERT INTO author (id,first_name,middle_name,last_name) VALUES (37,'Zahir','Coby','Rivas');
INSERT INTO author (id,first_name,middle_name,last_name) VALUES (38,'Rafael','Shad','Craft');
INSERT INTO author (id,first_name,middle_name,last_name) VALUES (39,'Katelyn','Hall','Dotson');
INSERT INTO author (id,first_name,middle_name,last_name) VALUES (40,'Xyla','Tarik','Coffey');
INSERT INTO author (id,first_name,middle_name,last_name) VALUES (41,'Kibo','Roth','Ortega');
INSERT INTO author (id,first_name,middle_name,last_name) VALUES (42,'Samantha','Kelly','James');
INSERT INTO author (id,first_name,middle_name,last_name) VALUES (43,'Anthony','Joel','Osborn');
INSERT INTO author (id,first_name,middle_name,last_name) VALUES (44,'Dieter','Quinlan','Ortega');
INSERT INTO author (id,first_name,middle_name,last_name) VALUES (45,'Josiah','Bernard','Gomez');
INSERT INTO author (id,first_name,middle_name,last_name) VALUES (46,'Leila','Dexter','Hill');
INSERT INTO author (id,first_name,middle_name,last_name) VALUES (47,'Garrison','Robert','Matthews');
INSERT INTO author (id,first_name,middle_name,last_name) VALUES (48,'Fatima','Thaddeus','Burton');
INSERT INTO author (id,first_name,middle_name,last_name) VALUES (49,'Orli','Cadman','Richardson');
INSERT INTO author (id,first_name,middle_name,last_name) VALUES (50,'Rashad','Joseph','Vargas');
INSERT INTO author (id,first_name,middle_name,last_name) VALUES (51,'Brett','Elton','Wheeler');
INSERT INTO author (id,first_name,middle_name,last_name) VALUES (52,'Jasper','Gareth','Hughes');
INSERT INTO author (id,first_name,middle_name,last_name) VALUES (53,'Ursa','Brenden','Salas');
INSERT INTO author (id,first_name,middle_name,last_name) VALUES (54,'Basia','Graiden','Snyder');
INSERT INTO author (id,first_name,middle_name,last_name) VALUES (55,'Magee','Honorato','Patel');
INSERT INTO author (id,first_name,middle_name,last_name) VALUES (56,'Justin','Tucker','Pollard');
INSERT INTO author (id,first_name,middle_name,last_name) VALUES (57,'Kylynn','Gage','Sutton');
INSERT INTO author (id,first_name,middle_name,last_name) VALUES (58,'Tashya','Gray','Ratliff');
INSERT INTO author (id,first_name,middle_name,last_name) VALUES (59,'Ruby','Thor','Maldonado');
INSERT INTO author (id,first_name,middle_name,last_name) VALUES (60,'Mark','Jarrod','Fisher');
INSERT INTO author (id,first_name,middle_name,last_name) VALUES (61,'Wallace','Lester','Vargas');
INSERT INTO author (id,first_name,middle_name,last_name) VALUES (62,'Cathleen','Jarrod','Lamb');
INSERT INTO author (id,first_name,middle_name,last_name) VALUES (63,'Allen','Abraham','Coleman');
INSERT INTO author (id,first_name,middle_name,last_name) VALUES (64,'Kennedy','Calvin','Battle');
INSERT INTO author (id,first_name,middle_name,last_name) VALUES (65,'Heather','Holmes','Washington');
INSERT INTO author (id,first_name,middle_name,last_name) VALUES (66,'Connor','Solomon','Mccray');
INSERT INTO author (id,first_name,middle_name,last_name) VALUES (67,'Amena','Jeremy','Duran');
INSERT INTO author (id,first_name,middle_name,last_name) VALUES (68,'Upton','Tyrone','Price');
INSERT INTO author (id,first_name,middle_name,last_name) VALUES (69,'Rina','Conan','Merrill');
INSERT INTO author (id,first_name,middle_name,last_name) VALUES (70,'Samuel','Jarrod','Walls');
INSERT INTO author (id,first_name,middle_name,last_name) VALUES (71,'Rogan','Hedley','Lyons');
INSERT INTO author (id,first_name,middle_name,last_name) VALUES (72,'Herman','Palmer','Mcconnell');
INSERT INTO author (id,first_name,middle_name,last_name) VALUES (73,'Marny','Barclay','Graves');
INSERT INTO author (id,first_name,middle_name,last_name) VALUES (74,'Aileen','Jameson','Kinney');
INSERT INTO author (id,first_name,middle_name,last_name) VALUES (75,'Pamela','Reuben','Burris');
INSERT INTO author (id,first_name,middle_name,last_name) VALUES (76,'Eaton','Zeph','Massey');
INSERT INTO author (id,first_name,middle_name,last_name) VALUES (77,'Sonya','Roth','Duncan');
INSERT INTO author (id,first_name,middle_name,last_name) VALUES (78,'Sebastian','Cole','Price');
INSERT INTO author (id,first_name,middle_name,last_name) VALUES (79,'Shannon','Owen','Fisher');
INSERT INTO author (id,first_name,middle_name,last_name) VALUES (80,'Kamal','Carl','Wilkerson');
INSERT INTO author (id,first_name,middle_name,last_name) VALUES (81,'Anne','Channing','Good');
INSERT INTO author (id,first_name,middle_name,last_name) VALUES (82,'Amelia','Keegan','Park');
INSERT INTO author (id,first_name,middle_name,last_name) VALUES (83,'Julian','Kasimir','Foster');
INSERT INTO author (id,first_name,middle_name,last_name) VALUES (84,'Kimberley','Keaton','Mercer');
INSERT INTO author (id,first_name,middle_name,last_name) VALUES (85,'Aretha','Rajah','Haney');
INSERT INTO author (id,first_name,middle_name,last_name) VALUES (86,'Colin','Malik','Montoya');
INSERT INTO author (id,first_name,middle_name,last_name) VALUES (87,'Chelsea','Gray','Calderon');
INSERT INTO author (id,first_name,middle_name,last_name) VALUES (88,'Nerea','Honorato','Campbell');
INSERT INTO author (id,first_name,middle_name,last_name) VALUES (89,'Mira','Stephen','Sanders');
INSERT INTO author (id,first_name,middle_name,last_name) VALUES (90,'Vera','Norman','Molina');
INSERT INTO author (id,first_name,middle_name,last_name) VALUES (91,'Bryar','Cruz','Irwin');
INSERT INTO author (id,first_name,middle_name,last_name) VALUES (92,'Knox','Fletcher','Beck');
INSERT INTO author (id,first_name,middle_name,last_name) VALUES (93,'Byron','Kermit','Hewitt');
INSERT INTO author (id,first_name,middle_name,last_name) VALUES (94,'Erich','Chancellor','Mathis');
INSERT INTO author (id,first_name,middle_name,last_name) VALUES (95,'Calvin','Ciaran','Mcintyre');
INSERT INTO author (id,first_name,middle_name,last_name) VALUES (96,'Guy','Perry','Turner');
INSERT INTO author (id,first_name,middle_name,last_name) VALUES (97,'Carolyn','Quamar','Craft');
INSERT INTO author (id,first_name,middle_name,last_name) VALUES (98,'Ifeoma','Brian','Hartman');
INSERT INTO author (id,first_name,middle_name,last_name) VALUES (99,'Ronan','Xander','Villarreal');
INSERT INTO author (id,first_name,middle_name,last_name) VALUES (100,'Elijah','Aladdin','Mays');
INSERT INTO author (id,first_name,middle_name,last_name) VALUES (101,'Bree','Mannix','Michael');
INSERT INTO author (id,first_name,middle_name,last_name) VALUES (102,'Shay','Tarik','Mcclure');
INSERT INTO author (id,first_name,middle_name,last_name) VALUES (103,'Brooke','Basil','Alvarez');
INSERT INTO author (id,first_name,middle_name,last_name) VALUES (104,'Jolie','Ahmed','Gonzales');
INSERT INTO author (id,first_name,middle_name,last_name) VALUES (105,'Stone','Leo','Abbott');


insert into book (id, title, subtitle, isbn, creation_date, quantity, image_url)
values (1, 'Essential Scrum', 'A practical guide to the most popular agile process.', '978-0-13-704329-3', '2000-5-5', 5, '');
insert into book (id, title, subtitle, isbn, creation_date, quantity, image_url)
values (2, 'Unit Testing', 'Principles, Practices and Patterns', '978-1-61-729627-7', '2020-5-5', 5, '');
insert into book (id, title, subtitle, isbn, creation_date, quantity, image_url)
values (3, 'Unit Testing', 'Principles, Practices and Patterns', '978-1-61-739627-7', '2020-5-5', 5, '');
insert into book (id, title, subtitle, isbn, creation_date, quantity, image_url)
values (4, 'Java 9', 'Napisite reaktivan, modularan, konkurentan, bezbedan....kod', '978-86-7310-523-9', '2018-5-5', 5, '');
insert into book (id, title, subtitle, isbn, creation_date, quantity, image_url)
values (5, 'The Stranger', 'Some subtitle here', '978-86-4210-523-9', '2015-5-5', 5, '');
INSERT INTO book (id,title,subtitle,isbn,creation_date,quantity, image_url) VALUES (6,'aliquet nec, imperdiet','arcu. Curabitur ut odio',3012917648375,'2022-05-06',10,'https://picsum.photos/600/801');
INSERT INTO book (id,title,subtitle,isbn,creation_date,quantity, image_url) VALUES (7,'tempor, est ac','In condimentum. Donec at',9920969400555,'2021-07-14',5,'https://picsum.photos/600/802');
INSERT INTO book (id,title,subtitle,isbn,creation_date,quantity, image_url) VALUES (8,'natoque penatibus et','vitae diam. Proin dolor.',4087997533065,'2022-02-28',5,'https://picsum.photos/600/800');
INSERT INTO book (id,title,subtitle,isbn,creation_date,quantity, image_url) VALUES (9,'urna. Ut tincidunt','dolor sit amet, consectetuer',8289284293289,'2022-04-26',10,'https://picsum.photos/600/800');
INSERT INTO book (id,title,subtitle,isbn,creation_date,quantity, image_url) VALUES (10,'dis parturient montes,','nisi sem semper erat,',5265568836378,'2020-11-24',1,'https://picsum.photos/600/800');
INSERT INTO book (id,title,subtitle,isbn,creation_date,quantity, image_url) VALUES (11,'tempor arcu. Vestibulum','non enim commodo hendrerit.',6189137516895,'2021-05-12',1,'https://picsum.photos/600/800');
INSERT INTO book (id,title,subtitle,isbn,creation_date,quantity, image_url) VALUES (12,'venenatis lacus. Etiam','Cras interdum. Nunc sollicitudin',7972284773043,'2020-10-08',4,'https://picsum.photos/600/800');
INSERT INTO book (id,title,subtitle,isbn,creation_date,quantity, image_url) VALUES (13,'diam nunc, ullamcorper','at sem molestie sodales.',5141858885693,'2022-02-24',4,'https://picsum.photos/600/800');
INSERT INTO book (id,title,subtitle,isbn,creation_date,quantity, image_url) VALUES (14,'lacus. Aliquam rutrum','tellus sem mollis dui,',2272123329379,'2020-11-01',7,'https://picsum.photos/600/800');
INSERT INTO book (id,title,subtitle,isbn,creation_date,quantity, image_url) VALUES (15,'commodo at, libero.','tortor. Nunc commodo auctor',5524920802222,'2021-04-25',5,'https://picsum.photos/600/800');
INSERT INTO book (id,title,subtitle,isbn,creation_date,quantity, image_url) VALUES (16,'enim. Mauris quis','Vivamus nisi. Mauris nulla.',8925599952930,'2022-05-02',10,'https://picsum.photos/600/800');
INSERT INTO book (id,title,subtitle,isbn,creation_date,quantity, image_url) VALUES (17,'velit. Pellentesque ultricies','parturient montes, nascetur ridiculus',6624834255747,'2021-08-26',2,'https://picsum.photos/600/800');
INSERT INTO book (id,title,subtitle,isbn,creation_date,quantity, image_url) VALUES (18,'nonummy ut, molestie','luctus. Curabitur egestas nunc',7131462593476,'2021-11-11',5,'https://picsum.photos/600/800');
INSERT INTO book (id,title,subtitle,isbn,creation_date,quantity, image_url) VALUES (19,'lectus rutrum urna,','erat vel pede blandit',6429640887862,'2021-02-10',1,'https://picsum.photos/600/800');
INSERT INTO book (id,title,subtitle,isbn,creation_date,quantity, image_url) VALUES (20,'vel arcu. Curabitur','a, facilisis non, bibendum',5167240226999,'2021-11-09',3,'https://picsum.photos/600/800');
INSERT INTO book (id,title,subtitle,isbn,creation_date,quantity, image_url) VALUES (21,'sapien imperdiet ornare.','erat. Sed nunc est,',9775948333551,'2022-02-21',8,'https://picsum.photos/600/800');
INSERT INTO book (id,title,subtitle,isbn,creation_date,quantity, image_url) VALUES (22,'et netus et','Nullam nisl. Maecenas malesuada',7552708974853,'2020-06-05',10,'https://picsum.photos/600/800');
INSERT INTO book (id,title,subtitle,isbn,creation_date,quantity, image_url) VALUES (23,'molestie tellus. Aenean','consectetuer rhoncus. Nullam velit',8664875842376,'2020-06-14',9,'https://picsum.photos/600/800');
INSERT INTO book (id,title,subtitle,isbn,creation_date,quantity, image_url) VALUES (24,'Nullam velit dui,','Pellentesque ultricies dignissim lacus.',5935278342477,'2020-08-30',6,'https://picsum.photos/600/800');
INSERT INTO book (id,title,subtitle,isbn,creation_date,quantity, image_url) VALUES (25,'amet massa. Quisque','Vestibulum ut eros non',8744657805109,'2021-03-22',6,'https://picsum.photos/600/800');
INSERT INTO book (id,title,subtitle,isbn,creation_date,quantity, image_url) VALUES (26,'lorem ipsum sodales','amet diam eu dolor',7202762111534,'2021-10-03',9,'https://picsum.photos/600/800');
INSERT INTO book (id,title,subtitle,isbn,creation_date,quantity, image_url) VALUES (27,'ac mi eleifend','lectus rutrum urna, nec',9768693399668,'2021-06-03',2,'https://picsum.photos/600/800');
INSERT INTO book (id,title,subtitle,isbn,creation_date,quantity, image_url) VALUES (28,'non magna. Nam','rutrum non, hendrerit id,',8625036814518,'2022-03-29',8,'https://picsum.photos/600/800');
INSERT INTO book (id,title,subtitle,isbn,creation_date,quantity, image_url) VALUES (29,'felis. Nulla tempor','adipiscing ligula. Aenean gravida',8929369542615,'2020-12-14',5,'https://picsum.photos/600/800');
INSERT INTO book (id,title,subtitle,isbn,creation_date,quantity, image_url) VALUES (30,'malesuada fames ac','penatibus et magnis dis',2607123831663,'2021-07-08',1,'https://picsum.photos/600/800');
INSERT INTO book (id,title,subtitle,isbn,creation_date,quantity, image_url) VALUES (31,'adipiscing non, luctus','magna sed dui. Fusce',6534800352583,'2022-01-11',2,'https://picsum.photos/600/800');
INSERT INTO book (id,title,subtitle,isbn,creation_date,quantity, image_url) VALUES (32,'semper cursus. Integer','elit, dictum eu, eleifend',3417359356356,'2021-04-26',7,'https://picsum.photos/600/800');
INSERT INTO book (id,title,subtitle,isbn,creation_date,quantity, image_url) VALUES (33,'hymenaeos. Mauris ut','bibendum. Donec felis orci,',4988317069227,'2022-01-16',8,'https://picsum.photos/600/800');
INSERT INTO book (id,title,subtitle,isbn,creation_date,quantity, image_url) VALUES (34,'Morbi neque tellus,','quam. Pellentesque habitant morbi',6226272564205,'2020-12-30',8,'https://picsum.photos/600/800');
INSERT INTO book (id,title,subtitle,isbn,creation_date,quantity, image_url) VALUES (35,'at, velit. Pellentesque','consectetuer adipiscing elit. Curabitur',6358747359833,'2021-06-02',10,'https://picsum.photos/600/800');
INSERT INTO book (id,title,subtitle,isbn,creation_date,quantity, image_url) VALUES (36,'nonummy. Fusce fermentum','Curae; Phasellus ornare. Fusce',9152260617133,'2021-05-28',4,'https://picsum.photos/600/800');
INSERT INTO book (id,title,subtitle,isbn,creation_date,quantity, image_url) VALUES (37,'Maecenas mi felis,','quis, tristique ac, eleifend',8325389431904,'2021-11-24',9,'https://picsum.photos/600/800');
INSERT INTO book (id,title,subtitle,isbn,creation_date,quantity, image_url) VALUES (38,'blandit enim consequat','Nunc ut erat. Sed',8902309940983,'2021-08-08',10,'https://picsum.photos/600/800');
INSERT INTO book (id,title,subtitle,isbn,creation_date,quantity, image_url) VALUES (39,'In ornare sagittis','elit sed consequat auctor,',7840403762595,'2021-12-22',4,'https://picsum.photos/600/800');
INSERT INTO book (id,title,subtitle,isbn,creation_date,quantity, image_url) VALUES (40,'Cum sociis natoque','orci. Donec nibh. Quisque',6878819852646,'2021-12-24',7,'https://picsum.photos/600/800');
INSERT INTO book (id,title,subtitle,isbn,creation_date,quantity, image_url) VALUES (41,'vulputate eu, odio.','nostra, per inceptos hymenaeos.',5347993796200,'2022-02-01',4,'https://picsum.photos/600/800');
INSERT INTO book (id,title,subtitle,isbn,creation_date,quantity, image_url) VALUES (42,'et, lacinia vitae,','Integer vitae nibh. Donec',4140647826202,'2022-03-06',3,'https://picsum.photos/600/800');
INSERT INTO book (id,title,subtitle,isbn,creation_date,quantity, image_url) VALUES (43,'ac arcu. Nunc','leo elementum sem, vitae',5999227203044,'2021-08-15',6,'https://picsum.photos/600/800');
INSERT INTO book (id,title,subtitle,isbn,creation_date,quantity, image_url) VALUES (44,'diam. Duis mi','Nunc mauris elit, dictum',3487857438610,'2020-11-20',2,'https://picsum.photos/600/800');
INSERT INTO book (id,title,subtitle,isbn,creation_date,quantity, image_url) VALUES (45,'Donec est mauris,','et magnis dis parturient',8955955235597,'2021-11-10',1,'https://picsum.photos/600/800');
INSERT INTO book (id,title,subtitle,isbn,creation_date,quantity, image_url) VALUES (46,'venenatis vel, faucibus','eu turpis. Nulla aliquet.',4175895330057,'2021-02-12',6,'https://picsum.photos/600/800');
INSERT INTO book (id,title,subtitle,isbn,creation_date,quantity, image_url) VALUES (47,'per inceptos hymenaeos.','egestas hendrerit neque. In',3385778161776,'2020-08-08',7,'https://picsum.photos/600/800');
INSERT INTO book (id,title,subtitle,isbn,creation_date,quantity, image_url) VALUES (48,'Donec nibh enim,','In mi pede, nonummy',1076069417855,'2021-04-27',6,'https://picsum.photos/600/800');
INSERT INTO book (id,title,subtitle,isbn,creation_date,quantity, image_url) VALUES (49,'ornare. In faucibus.','ante bibendum ullamcorper. Duis',6771657524866,'2021-11-20',4,'https://picsum.photos/600/800');
INSERT INTO book (id,title,subtitle,isbn,creation_date,quantity, image_url) VALUES (50,'risus varius orci,','vitae aliquam eros turpis',5666618275354,'2021-11-27',9,'https://picsum.photos/600/800');
INSERT INTO book (id,title,subtitle,isbn,creation_date,quantity, image_url) VALUES (51,'nulla ante, iaculis','sit amet, consectetuer adipiscing',9140980384307,'2022-04-21',6,'https://picsum.photos/600/800');
INSERT INTO book (id,title,subtitle,isbn,creation_date,quantity, image_url) VALUES (52,'id, libero. Donec','tempus risus. Donec egestas.',8437707406455,'2022-01-18',8,'https://picsum.photos/600/800');
INSERT INTO book (id,title,subtitle,isbn,creation_date,quantity, image_url) VALUES (53,'Cras dolor dolor,','ornare. In faucibus. Morbi',3027630535574,'2021-03-17',1,'https://picsum.photos/600/800');
INSERT INTO book (id,title,subtitle,isbn,creation_date,quantity, image_url) VALUES (54,'purus ac tellus.','et ultrices posuere cubilia',6179430551883,'2020-10-16',7,'https://picsum.photos/600/800');
INSERT INTO book (id,title,subtitle,isbn,creation_date,quantity, image_url) VALUES (55,'scelerisque neque sed','vestibulum massa rutrum magna.',9428301543297,'2020-07-22',6,'https://picsum.photos/600/800');
INSERT INTO book (id,title,subtitle,isbn,creation_date,quantity, image_url) VALUES (56,'non, lacinia at,','non sapien molestie orci',8298129793176,'2021-12-07',9,'https://picsum.photos/600/800');
INSERT INTO book (id,title,subtitle,isbn,creation_date,quantity, image_url) VALUES (57,'libero dui nec','lorem, sit amet ultricies',8869346214362,'2021-02-08',7,'https://picsum.photos/600/800');
INSERT INTO book (id,title,subtitle,isbn,creation_date,quantity, image_url) VALUES (58,'orci, adipiscing non,','Nunc mauris. Morbi non',1503072656247,'2022-05-26',8,'https://picsum.photos/600/800');
INSERT INTO book (id,title,subtitle,isbn,creation_date,quantity, image_url) VALUES (59,'vel est tempor','eu metus. In lorem.',2498181288230,'2020-10-18',8,'https://picsum.photos/600/800');
INSERT INTO book (id,title,subtitle,isbn,creation_date,quantity, image_url) VALUES (60,'odio semper cursus.','diam. Duis mi enim,',2257150639631,'2020-09-11',6,'https://picsum.photos/600/800');
INSERT INTO book (id,title,subtitle,isbn,creation_date,quantity, image_url) VALUES (61,'mollis. Phasellus libero','lacinia mattis. Integer eu',2210764159077,'2020-12-16',10,'https://picsum.photos/600/800');
INSERT INTO book (id,title,subtitle,isbn,creation_date,quantity, image_url) VALUES (62,'sem, vitae aliquam','Quisque ac libero nec',4365867424630,'2021-03-09',10,'https://picsum.photos/600/800');
INSERT INTO book (id,title,subtitle,isbn,creation_date,quantity, image_url) VALUES (63,'non lorem vitae','Maecenas mi felis, adipiscing',5877956330501,'2020-08-11',9,'https://picsum.photos/600/800');
INSERT INTO book (id,title,subtitle,isbn,creation_date,quantity, image_url) VALUES (64,'tellus. Aenean egestas','mauris. Suspendisse aliquet molestie',2872395690154,'2021-05-26',1,'https://picsum.photos/600/800');
INSERT INTO book (id,title,subtitle,isbn,creation_date,quantity, image_url) VALUES (65,'vulputate, lacus. Cras','vulputate, nisi sem semper',1366367085047,'2021-06-16',5,'https://picsum.photos/600/800');
INSERT INTO book (id,title,subtitle,isbn,creation_date,quantity, image_url) VALUES (66,'erat. Sed nunc','egestas hendrerit neque. In',4596245940812,'2020-12-06',7,'https://picsum.photos/600/800');
INSERT INTO book (id,title,subtitle,isbn,creation_date,quantity, image_url) VALUES (67,'eleifend. Cras sed','tellus id nunc interdum',3473186148473,'2021-08-20',8,'https://picsum.photos/600/800');
INSERT INTO book (id,title,subtitle,isbn,creation_date,quantity, image_url) VALUES (68,'congue a, aliquet','ut odio vel est',4299121125649,'2021-09-14',2,'https://picsum.photos/600/800');
INSERT INTO book (id,title,subtitle,isbn,creation_date,quantity, image_url) VALUES (69,'augue scelerisque mollis.','nonummy ac, feugiat non,',4572211192674,'2022-04-29',8,'https://picsum.photos/600/800');
INSERT INTO book (id,title,subtitle,isbn,creation_date,quantity, image_url) VALUES (70,'hendrerit neque. In','venenatis a, magna. Lorem',7020455798227,'2021-10-15',7,'https://picsum.photos/600/800');
INSERT INTO book (id,title,subtitle,isbn,creation_date,quantity, image_url) VALUES (71,'erat. Vivamus nisi.','pharetra sed, hendrerit a,',5272575033905,'2022-05-20',2,'https://picsum.photos/600/800');
INSERT INTO book (id,title,subtitle,isbn,creation_date,quantity, image_url) VALUES (72,'Quisque nonummy ipsum','montes, nascetur ridiculus mus.',7743534781803,'2022-05-14',3,'https://picsum.photos/600/800');
INSERT INTO book (id,title,subtitle,isbn,creation_date,quantity, image_url) VALUES (73,'justo. Proin non','venenatis vel, faucibus id,',7149339364983,'2021-04-14',4,'https://picsum.photos/600/800');
INSERT INTO book (id,title,subtitle,isbn,creation_date,quantity, image_url) VALUES (74,'Nullam vitae diam.','tortor. Integer aliquam adipiscing',9237919691607,'2020-12-11',2,'https://picsum.photos/600/800');
INSERT INTO book (id,title,subtitle,isbn,creation_date,quantity, image_url) VALUES (75,'lacus vestibulum lorem,','laoreet posuere, enim nisl',8919577539187,'2021-10-05',10,'https://picsum.photos/600/800');
INSERT INTO book (id,title,subtitle,isbn,creation_date,quantity, image_url) VALUES (76,'metus. In nec','Duis a mi fringilla',1841539481224,'2020-06-01',6,'https://picsum.photos/600/800');
INSERT INTO book (id,title,subtitle,isbn,creation_date,quantity, image_url) VALUES (77,'Donec sollicitudin adipiscing','mi eleifend egestas. Sed',5302169262418,'2020-06-13',9,'https://picsum.photos/600/800');
INSERT INTO book (id,title,subtitle,isbn,creation_date,quantity, image_url) VALUES (78,'quis lectus. Nullam','ut cursus luctus, ipsum',1776607043760,'2021-09-27',4,'https://picsum.photos/600/800');
INSERT INTO book (id,title,subtitle,isbn,creation_date,quantity, image_url) VALUES (79,'eu dui. Cum','quam a felis ullamcorper',9716735947800,'2021-01-15',10,'https://picsum.photos/600/800');
INSERT INTO book (id,title,subtitle,isbn,creation_date,quantity, image_url) VALUES (80,'urna. Nullam lobortis','condimentum eget, volutpat ornare,',9464505921252,'2020-11-15',2,'https://picsum.photos/600/800');
INSERT INTO book (id,title,subtitle,isbn,creation_date,quantity, image_url) VALUES (81,'senectus et netus','risus. In mi pede,',9988833375945,'2021-04-26',9,'https://picsum.photos/600/800');
INSERT INTO book (id,title,subtitle,isbn,creation_date,quantity, image_url) VALUES (82,'tellus. Phasellus elit','cursus non, egestas a,',3950060195077,'2021-08-31',7,'https://picsum.photos/600/800');
INSERT INTO book (id,title,subtitle,isbn,creation_date,quantity, image_url) VALUES (83,'Integer aliquam adipiscing','ut ipsum ac mi',3537597494013,'2021-04-01',5,'https://picsum.photos/600/800');
INSERT INTO book (id,title,subtitle,isbn,creation_date,quantity, image_url) VALUES (84,'consequat dolor vitae','justo. Praesent luctus. Curabitur',1521575692631,'2021-03-04',8,'https://picsum.photos/600/800');
INSERT INTO book (id,title,subtitle,isbn,creation_date,quantity, image_url) VALUES (85,'habitant morbi tristique','commodo auctor velit. Aliquam',5745205734574,'2020-06-02',4,'https://picsum.photos/600/800');
INSERT INTO book (id,title,subtitle,isbn,creation_date,quantity, image_url) VALUES (86,'nec metus facilisis','ipsum cursus vestibulum. Mauris',5234403659194,'2021-03-10',10,'https://picsum.photos/600/800');
INSERT INTO book (id,title,subtitle,isbn,creation_date,quantity, image_url) VALUES (87,'quam vel sapien','a ultricies adipiscing, enim',4927180098835,'2022-05-22',8,'https://picsum.photos/600/800');
INSERT INTO book (id,title,subtitle,isbn,creation_date,quantity, image_url) VALUES (88,'egestas a, dui.','turpis vitae purus gravida',9331806593022,'2022-01-26',9,'https://picsum.photos/600/800');
INSERT INTO book (id,title,subtitle,isbn,creation_date,quantity, image_url) VALUES (89,'vel, faucibus id,','lectus justo eu arcu.',3945852068749,'2021-06-29',2,'https://picsum.photos/600/800');
INSERT INTO book (id,title,subtitle,isbn,creation_date,quantity, image_url) VALUES (90,'quam vel sapien','placerat. Cras dictum ultricies',9224538001609,'2021-05-13',2,'https://picsum.photos/600/800');
INSERT INTO book (id,title,subtitle,isbn,creation_date,quantity, image_url) VALUES (91,'pretium et, rutrum','gravida. Aliquam tincidunt, nunc',8487239787675,'2020-09-09',9,'https://picsum.photos/600/800');
INSERT INTO book (id,title,subtitle,isbn,creation_date,quantity, image_url) VALUES (92,'Vivamus nibh dolor,','est, mollis non, cursus',6304457524844,'2020-09-29',5,'https://picsum.photos/600/800');
INSERT INTO book (id,title,subtitle,isbn,creation_date,quantity, image_url) VALUES (93,'Praesent eu dui.','porttitor tellus non magna.',1655505632635,'2020-07-11',8,'https://picsum.photos/600/800');
INSERT INTO book (id,title,subtitle,isbn,creation_date,quantity, image_url) VALUES (94,'tellus lorem eu','non, hendrerit id, ante.',2840842441468,'2021-11-03',1,'https://picsum.photos/600/800');
INSERT INTO book (id,title,subtitle,isbn,creation_date,quantity, image_url) VALUES (95,'vitae, aliquet nec,','enim. Mauris quis turpis',9262272936221,'2020-12-21',10,'https://picsum.photos/600/800');
INSERT INTO book (id,title,subtitle,isbn,creation_date,quantity, image_url) VALUES (96,'Morbi sit amet','leo. Cras vehicula aliquet',4050211446291,'2021-11-13',2,'https://picsum.photos/600/800');
INSERT INTO book (id,title,subtitle,isbn,creation_date,quantity, image_url) VALUES (97,'metus urna convallis','eget laoreet posuere, enim',9593042593108,'2021-07-30',3,'https://picsum.photos/600/800');
INSERT INTO book (id,title,subtitle,isbn,creation_date,quantity, image_url) VALUES (98,'Duis cursus, diam','natoque penatibus et magnis',3112490119358,'2021-05-29',2,'https://picsum.photos/600/800');
INSERT INTO book (id,title,subtitle,isbn,creation_date,quantity, image_url) VALUES (99,'mollis. Duis sit','primis in faucibus orci',7333656224524,'2020-08-01',3,'https://picsum.photos/600/800');
INSERT INTO book (id,title,subtitle,isbn,creation_date,quantity, image_url) VALUES (100,'ante ipsum primis','vulputate, lacus. Cras interdum.',7442906854415,'2020-06-13',9,'https://picsum.photos/600/800');
INSERT INTO book (id,title,subtitle,isbn,creation_date,quantity, image_url) VALUES (101,'tincidunt vehicula risus.','vulputate dui, nec tempus',1970135335041,'2020-09-13',9,'https://picsum.photos/600/800');
INSERT INTO book (id,title,subtitle,isbn,creation_date,quantity, image_url) VALUES (102,'mi fringilla mi','sollicitudin a, malesuada id,',8262723635724,'2020-10-23',3,'https://picsum.photos/600/800');
INSERT INTO book (id,title,subtitle,isbn,creation_date,quantity, image_url) VALUES (103,'bibendum. Donec felis','egestas. Fusce aliquet magna',8088886045831,'2021-08-13',6,'https://picsum.photos/600/800');
INSERT INTO book (id,title,subtitle,isbn,creation_date,quantity, image_url) VALUES (104,'tincidunt aliquam arcu.','lorem vitae odio sagittis',8183833043552,'2021-08-14',6,'https://picsum.photos/600/800');
INSERT INTO book (id,title,subtitle,isbn,creation_date,quantity, image_url) VALUES (105,'nonummy. Fusce fermentum','sapien, cursus in, hendrerit',4500246785754,'2022-04-15',10,'https://picsum.photos/600/800');



insert into book_authors(books_id, authors_id)
values (1, 1);
insert into book_authors(books_id, authors_id)
values (2, 2);
insert into book_authors(books_id, authors_id)
values (4, 3);
insert into book_authors(books_id, authors_id)
values (4, 4);
insert into book_authors(books_id, authors_id)
values (5, 5);
INSERT INTO book_authors (books_id,authors_id) VALUES (6,6);
INSERT INTO book_authors (books_id,authors_id) VALUES (7,7);
INSERT INTO book_authors (books_id,authors_id) VALUES (8,8);
INSERT INTO book_authors (books_id,authors_id) VALUES (9,9);
INSERT INTO book_authors (books_id,authors_id) VALUES (10,10);
INSERT INTO book_authors (books_id,authors_id) VALUES (11,11);
INSERT INTO book_authors (books_id,authors_id) VALUES (12,12);
INSERT INTO book_authors (books_id,authors_id) VALUES (13,13);
INSERT INTO book_authors (books_id,authors_id) VALUES (14,14);
INSERT INTO book_authors (books_id,authors_id) VALUES (15,15);
INSERT INTO book_authors (books_id,authors_id) VALUES (16,16);
INSERT INTO book_authors (books_id,authors_id) VALUES (17,17);
INSERT INTO book_authors (books_id,authors_id) VALUES (18,18);
INSERT INTO book_authors (books_id,authors_id) VALUES (19,19);
INSERT INTO book_authors (books_id,authors_id) VALUES (20,20);
INSERT INTO book_authors (books_id,authors_id) VALUES (21,21);
INSERT INTO book_authors (books_id,authors_id) VALUES (22,22);
INSERT INTO book_authors (books_id,authors_id) VALUES (23,23);
INSERT INTO book_authors (books_id,authors_id) VALUES (24,24);
INSERT INTO book_authors (books_id,authors_id) VALUES (25,25);
INSERT INTO book_authors (books_id,authors_id) VALUES (26,26);
INSERT INTO book_authors (books_id,authors_id) VALUES (27,27);
INSERT INTO book_authors (books_id,authors_id) VALUES (28,28);
INSERT INTO book_authors (books_id,authors_id) VALUES (29,29);
INSERT INTO book_authors (books_id,authors_id) VALUES (30,30);
INSERT INTO book_authors (books_id,authors_id) VALUES (31,31);
INSERT INTO book_authors (books_id,authors_id) VALUES (32,32);
INSERT INTO book_authors (books_id,authors_id) VALUES (33,33);
INSERT INTO book_authors (books_id,authors_id) VALUES (34,34);
INSERT INTO book_authors (books_id,authors_id) VALUES (35,35);
INSERT INTO book_authors (books_id,authors_id) VALUES (36,36);
INSERT INTO book_authors (books_id,authors_id) VALUES (37,37);
INSERT INTO book_authors (books_id,authors_id) VALUES (38,38);
INSERT INTO book_authors (books_id,authors_id) VALUES (39,39);
INSERT INTO book_authors (books_id,authors_id) VALUES (40,40);
INSERT INTO book_authors (books_id,authors_id) VALUES (41,41);
INSERT INTO book_authors (books_id,authors_id) VALUES (42,42);
INSERT INTO book_authors (books_id,authors_id) VALUES (43,43);
INSERT INTO book_authors (books_id,authors_id) VALUES (44,44);
INSERT INTO book_authors (books_id,authors_id) VALUES (45,45);
INSERT INTO book_authors (books_id,authors_id) VALUES (46,46);
INSERT INTO book_authors (books_id,authors_id) VALUES (47,47);
INSERT INTO book_authors (books_id,authors_id) VALUES (48,48);
INSERT INTO book_authors (books_id,authors_id) VALUES (49,49);
INSERT INTO book_authors (books_id,authors_id) VALUES (50,50);
INSERT INTO book_authors (books_id,authors_id) VALUES (51,51);
INSERT INTO book_authors (books_id,authors_id) VALUES (52,52);
INSERT INTO book_authors (books_id,authors_id) VALUES (53,53);
INSERT INTO book_authors (books_id,authors_id) VALUES (54,54);
INSERT INTO book_authors (books_id,authors_id) VALUES (55,55);
INSERT INTO book_authors (books_id,authors_id) VALUES (56,56);
INSERT INTO book_authors (books_id,authors_id) VALUES (57,57);
INSERT INTO book_authors (books_id,authors_id) VALUES (58,58);
INSERT INTO book_authors (books_id,authors_id) VALUES (59,59);
INSERT INTO book_authors (books_id,authors_id) VALUES (60,60);
INSERT INTO book_authors (books_id,authors_id) VALUES (61,61);
INSERT INTO book_authors (books_id,authors_id) VALUES (62,62);
INSERT INTO book_authors (books_id,authors_id) VALUES (63,63);
INSERT INTO book_authors (books_id,authors_id) VALUES (64,64);
INSERT INTO book_authors (books_id,authors_id) VALUES (65,65);
INSERT INTO book_authors (books_id,authors_id) VALUES (66,66);
INSERT INTO book_authors (books_id,authors_id) VALUES (67,67);
INSERT INTO book_authors (books_id,authors_id) VALUES (68,68);
INSERT INTO book_authors (books_id,authors_id) VALUES (69,69);
INSERT INTO book_authors (books_id,authors_id) VALUES (70,70);
INSERT INTO book_authors (books_id,authors_id) VALUES (71,71);
INSERT INTO book_authors (books_id,authors_id) VALUES (72,72);
INSERT INTO book_authors (books_id,authors_id) VALUES (73,73);
INSERT INTO book_authors (books_id,authors_id) VALUES (74,74);
INSERT INTO book_authors (books_id,authors_id) VALUES (75,75);
INSERT INTO book_authors (books_id,authors_id) VALUES (76,76);
INSERT INTO book_authors (books_id,authors_id) VALUES (77,77);
INSERT INTO book_authors (books_id,authors_id) VALUES (78,78);
INSERT INTO book_authors (books_id,authors_id) VALUES (79,79);
INSERT INTO book_authors (books_id,authors_id) VALUES (80,80);
INSERT INTO book_authors (books_id,authors_id) VALUES (81,81);
INSERT INTO book_authors (books_id,authors_id) VALUES (82,82);
INSERT INTO book_authors (books_id,authors_id) VALUES (83,83);
INSERT INTO book_authors (books_id,authors_id) VALUES (84,84);
INSERT INTO book_authors (books_id,authors_id) VALUES (85,85);
INSERT INTO book_authors (books_id,authors_id) VALUES (86,86);
INSERT INTO book_authors (books_id,authors_id) VALUES (87,87);
INSERT INTO book_authors (books_id,authors_id) VALUES (88,88);
INSERT INTO book_authors (books_id,authors_id) VALUES (89,89);
INSERT INTO book_authors (books_id,authors_id) VALUES (90,90);
INSERT INTO book_authors (books_id,authors_id) VALUES (91,91);
INSERT INTO book_authors (books_id,authors_id) VALUES (92,92);
INSERT INTO book_authors (books_id,authors_id) VALUES (93,93);
INSERT INTO book_authors (books_id,authors_id) VALUES (94,94);
INSERT INTO book_authors (books_id,authors_id) VALUES (95,95);
INSERT INTO book_authors (books_id,authors_id) VALUES (96,96);
INSERT INTO book_authors (books_id,authors_id) VALUES (97,97);
INSERT INTO book_authors (books_id,authors_id) VALUES (98,98);
INSERT INTO book_authors (books_id,authors_id) VALUES (99,99);
INSERT INTO book_authors (books_id,authors_id) VALUES (100,100);
INSERT INTO book_authors (books_id,authors_id) VALUES (101,101);
INSERT INTO book_authors (books_id,authors_id) VALUES (102,102);
INSERT INTO book_authors (books_id,authors_id) VALUES (103,103);
INSERT INTO book_authors (books_id,authors_id) VALUES (104,104);
INSERT INTO book_authors (books_id,authors_id) VALUES (105,105);


insert into role (name) values ('ROLE_USER');
insert into role (name) values ('ROLE_ADMIN');

insert into user (id, username, first_name, last_name, password, role_name)
values (1, 'user1', 'Nikola', 'Pantelic', '$2y$06$b4QhMsDgRWjBPLa/OEQUdeTGBJ40zkuYpv394TCvrZglu6M1BRkUy', 'ROLE_USER');
insert into user (id, username, first_name, last_name, password, role_name)
values (2, 'admin1', 'Marko', 'Markovic', '$2y$06$b4QhMsDgRWjBPLa/OEQUdeTGBJ40zkuYpv394TCvrZglu6M1BRkUy', 'ROLE_ADMIN');
insert into user (id, username, first_name, last_name, password, role_name)
values (3, 'user2', 'Pera', 'Peric', '$2y$06$b4QhMsDgRWjBPLa/OEQUdeTGBJ40zkuYpv394TCvrZglu6M1BRkUy', 'ROLE_USER');

insert into rented_book (id, book_id, renter_id, renting_date, renting_period, returned)
values (1, 1, 1, '2021-6-10', 'aced00057372000d6a6176612e74696d652e536572955d84ba1b2248b20c00007870770d0e00000000000000000000000e78', false);
insert into rented_book (id, book_id, renter_id, renting_date, renting_period, returned)
values (2, 3, 2, '2021-6-7', 'aced00057372000d6a6176612e74696d652e536572955d84ba1b2248b20c00007870770d0e00000000000000000000000e78', false);
insert into rented_book (id, book_id, renter_id, renting_date, renting_period, returned)
values (3, 5, 3, '2021-6-5', 'aced00057372000d6a6176612e74696d652e536572955d84ba1b2248b20c00007870770d0e00000000000000000000000e78', false);
insert into rented_book (id, book_id, renter_id, renting_date, renting_period, returned)
values (4, 30, 3, '2021-6-5', 'aced00057372000d6a6176612e74696d652e536572955d84ba1b2248b20c00007870770d0e00000000000000000000000e78', false);
insert into rented_book (id, book_id, renter_id, renting_date, renting_period, returned)
values (5, 5, 3, '2021-5-8', 'aced00057372000d6a6176612e74696d652e536572955d84ba1b2248b20c00007870770d0e00000000000000000000000e78', false);
insert into rented_book (id, book_id, renter_id, renting_date, renting_period, returned)
values (6, 5, 1, '2021-5-8', 'aced00057372000d6a6176612e74696d652e536572955d84ba1b2248b20c00007870770d0e00000000000000000000000e78', false);
insert into rented_book (id, book_id, renter_id, renting_date, renting_period, returned)
values (7, 4, 1, '2021-6-4', 'aced00057372000d6a6176612e74696d652e536572955d84ba1b2248b20c00007870770d0e00000000000000000000000e78', false);
insert into rented_book (id, book_id, renter_id, renting_date, renting_period, returned)
values (8, 10, 1, '2021-6-3', 'aced00057372000d6a6176612e74696d652e536572955d84ba1b2248b20c00007870770d0e00000000000000000000000e78', false);